,average_run_time_per_iteration,no_iterations,no_households,no_tasks,penalty_weight,cost_function_type,max_demand initial,max_demand final,max_demand reduction,PAR initial,PAR final,PAR reduction,objective initial,objective final,objective reduction,cost initial,cost final,cost reduction
optimal,21.322,5,60,5,1,piece-wise,61382,61382.0,0.0,2.44,2.44,0.0,18531887.4,18531887.4,0.0,18531887.4,18531887.4,0.0
optimal_fw,0.01,5,60,5,1,piece-wise,61382,38624.66959344247,0.371,2.44,1.53,0.373,18531887.4,16955155.207399517,0.085,18531887.4,16955135.37,0.085
heuristic,0.06,4,60,5,1,piece-wise,61382,66382.0,-0.081,2.44,2.63,-0.078,18531887.4,19905733.5,-0.074,18531887.4,19905436.5,-0.074
heuristic_fw,0.011,4,60,5,1,piece-wise,61382,39343.983929993534,0.359,2.44,1.56,0.361,18531887.4,16952808.99831255,0.085,18531887.4,16952806.8,0.085
