,average_run_time_per_iteration,no_iterations,no_households,no_tasks,penalty_weight,cost_function_type,max_demand initial,max_demand final,max_demand reduction,PAR initial,PAR final,PAR reduction,objective initial,objective final,objective reduction,cost initial,cost final,cost reduction
optimal,25.51,3,80,5,1,piece-wise,92538,92538.0,0.0,2.58,2.58,0.0,25894898.3,25894898.3,0.0,25894898.3,25894898.3,0.0
optimal_fw,0.007,3,80,5,1,piece-wise,92538,58058.66786559084,0.373,2.58,1.62,0.372,25894898.3,24079650.794,0.07,25894898.3,24079669.64,0.07
heuristic,0.075,4,80,5,1,piece-wise,92538,92538.0,0.0,2.58,2.58,0.0,25894898.3,25976086.3,-0.003,25894898.3,25975818.3,-0.003
heuristic_fw,0.005,4,80,5,1,piece-wise,92538,56775.06274488874,0.386,2.58,1.59,0.384,25894898.3,24076074.44732,0.07,25894898.3,24076043.68,0.07
