,average_run_time_per_iteration,no_iterations,no_households,no_tasks,penalty_weight,cost_function_type,max_demand initial,max_demand final,max_demand reduction,PAR initial,PAR final,PAR reduction,objective initial,objective final,objective reduction,cost initial,cost final,cost reduction
optimal,33.798,10,100,5,1,piece-wise,82905,164254.0,-0.981,2.07,4.09,-0.976,30625636.1,83466510.0,-1.725,30625636.1,83462612.0,-1.725
optimal_fw,0.002,10,100,5,1,piece-wise,82905,53143.75383323352,0.359,2.07,1.32,0.362,30625636.1,27064217.83830503,0.116,30625636.1,27064190.72,0.116
heuristic,0.095,8,100,5,1,piece-wise,82905,178363.0,-1.151,2.07,4.44,-1.145,30625636.1,106430671.4,-2.475,30625636.1,106424956.4,-2.475
heuristic_fw,0.002,8,100,5,1,piece-wise,82905,54866.18231435487,0.338,2.07,1.37,0.338,30625636.1,27078137.442593947,0.116,30625636.1,27077993.85,0.116
