,average_run_time_per_iteration,no_iterations,no_households,no_tasks,penalty_weight,cost_function_type,max_demand initial,max_demand final,max_demand reduction,PAR initial,PAR final,PAR reduction,objective initial,objective final,objective reduction,cost initial,cost final,cost reduction
optimal,32.109,7,80,5,1,piece-wise,76248,85457.0,-0.121,2.15,2.41,-0.121,25812304.6,28903177.7,-0.12,25812304.6,28902998.7,-0.12
optimal_fw,0.014,7,80,5,1,piece-wise,76248,48911.29432868361,0.359,2.15,1.38,0.358,25812304.6,23911915.52966541,0.074,25812304.6,23911912.82,0.074
heuristic,0.079,6,80,5,1,piece-wise,76248,83908.0,-0.1,2.15,2.36,-0.098,25812304.6,30319801.4,-0.175,25812304.6,30319239.4,-0.175
heuristic_fw,0.018,6,80,5,1,piece-wise,76248,48522.477507345284,0.364,2.15,1.37,0.363,25812304.6,23912443.80305189,0.074,25812304.6,23912368.53,0.074
