,average_run_time_per_iteration,no_iterations,no_households,no_tasks,penalty_weight,cost_function_type,max_demand initial,max_demand final,max_demand reduction,PAR initial,PAR final,PAR reduction,objective initial,objective final,objective reduction,cost initial,cost final,cost reduction
optimal,5.55,2,20,5,1,piece-wise,29050,29050.0,0.0,3.76,3.76,0.0,5795726.6,5795726.6,0.0,5795726.6,5795726.6,0.0
optimal_fw,0.016,2,20,5,1,piece-wise,29050,18253.10740127038,0.372,3.76,2.36,0.372,5795726.6,5201858.503739772,0.102,5795726.6,5201559.62,0.103
heuristic,0.019,2,20,5,1,piece-wise,29050,29050.0,0.0,3.76,3.76,0.0,5795726.6,5795748.2,-0.0,5795726.6,5795740.2,-0.0
heuristic_fw,0.015,2,20,5,1,piece-wise,29050,18191.515261344048,0.374,3.76,2.35,0.375,5795726.6,5201273.854937811,0.103,5795726.6,5200941.79,0.103
