,average_run_time_per_iteration,no_iterations,no_households,no_tasks,penalty_weight,cost_function_type,max_demand initial,max_demand final,max_demand reduction,PAR initial,PAR final,PAR reduction,objective initial,objective final,objective reduction,cost initial,cost final,cost reduction
optimal,36.802,9,100,5,1,piece-wise,74197,115039.0,-0.55,1.89,2.93,-0.55,29819079.0,56105179.3,-0.882,29819079.0,56103481.3,-0.881
optimal_fw,0.015,9,100,5,1,piece-wise,74197,47360.93200484426,0.362,1.89,1.21,0.36,29819079.0,26451230.230428677,0.113,29819079.0,26451201.17,0.113
heuristic,0.097,13,100,5,1,piece-wise,74197,108904.0,-0.468,1.89,2.78,-0.471,29819079.0,54730212.9,-0.835,29819079.0,54728541.9,-0.835
heuristic_fw,0.011,13,100,5,1,piece-wise,74197,46967.333615776704,0.367,1.89,1.2,0.365,29819079.0,26457324.764200654,0.113,29819079.0,26457322.7,0.113
