,average_run_time_per_iteration,no_iterations,no_households,no_tasks,penalty_weight,cost_function_type,max_demand initial,max_demand final,max_demand reduction,PAR initial,PAR final,PAR reduction,objective initial,objective final,objective reduction,cost initial,cost final,cost reduction
optimal,38.72,6,80,5,1,piece-wise,72503,80890.0,-0.116,2.19,2.45,-0.119,23924230.6,28993192.2,-0.212,23924230.6,28992749.2,-0.212
optimal_fw,0.003,6,80,5,1,piece-wise,72503,46226.634270912815,0.362,2.19,1.4,0.361,23924230.6,22257339.94184868,0.07,23924230.6,22257300.69,0.07
heuristic,0.083,6,80,5,1,piece-wise,72503,107422.0,-0.482,2.19,3.25,-0.484,23924230.6,37316827.2,-0.56,23924230.6,37315875.2,-0.56
heuristic_fw,0.003,6,80,5,1,piece-wise,72503,46223.818322069084,0.362,2.19,1.4,0.361,23924230.6,22255161.234777648,0.07,23924230.6,22255129.1,0.07
