,average_run_time_per_iteration,no_iterations,no_households,no_tasks,penalty_weight,cost_function_type,max_demand initial,max_demand final,max_demand reduction,PAR initial,PAR final,PAR reduction,objective initial,objective final,objective reduction,cost initial,cost final,cost reduction
optimal,31.668,6,100,5,1,piece-wise,73459,124819.0,-0.699,1.87,3.18,-0.701,29306474.7,49314172.3,-0.683,29306474.7,49313010.3,-0.683
optimal_fw,0.003,6,100,5,1,piece-wise,73459,47685.94408156675,0.351,1.87,1.22,0.348,29306474.7,26440949.309818197,0.098,29306474.7,26440928.68,0.098
heuristic,0.098,5,100,5,1,piece-wise,73459,159087.0,-1.166,1.87,4.06,-1.171,29306474.7,96840973.9,-2.304,29306474.7,96835813.9,-2.304
heuristic_fw,0.003,5,100,5,1,piece-wise,73459,48196.52692626859,0.344,1.87,1.23,0.342,29306474.7,26452146.768768564,0.097,29306474.7,26452088.71,0.097
