,average_run_time_per_iteration,no_iterations,no_households,no_tasks,penalty_weight,cost_function_type,max_demand initial,max_demand final,max_demand reduction,PAR initial,PAR final,PAR reduction,objective initial,objective final,objective reduction,cost initial,cost final,cost reduction
optimal,19.676,5,60,5,1,piece-wise,65818,65818.0,0.0,2.68,2.68,0.0,18175496.0,18175496.0,0.0,18175496.0,18175496.0,0.0
optimal_fw,0.003,5,60,5,1,piece-wise,65818,41403.42674626247,0.371,2.68,1.69,0.369,18175496.0,16513035.9835008,0.091,18175496.0,16513024.61,0.091
heuristic,0.058,5,60,5,1,piece-wise,65818,65818.0,0.0,2.68,2.68,0.0,18175496.0,18176630.0,-0.0,18175496.0,18176551.0,-0.0
heuristic_fw,0.003,5,60,5,1,piece-wise,65818,41327.72892383006,0.372,2.68,1.68,0.373,18175496.0,16512910.72129,0.091,18175496.0,16512896.35,0.091
