,repeat,algorithm,Average run_time,No_iterations,no_households,no_tasks,penalty_weight,cost_function_type,max_demand initial,max_demand final,max_demand reduction,PAR initial,PAR final,PAR reduction,objective initial,objective final,objective reduction,cost initial,cost final,cost reduction
0,0,heuristic,0.036,3,50,10,10,piece-wise,120895,90740.0,0.249,3.43,2.58,0.248,28124174.6,23925174.3,0.149,28124174.6,23883674.3,0.151
1,0,heuristic_fw,0.002,3,50,10,10,piece-wise,120895,66398.69692674067,0.451,3.43,1.89,0.449,28124174.6,23676789.574899998,0.158,28124174.6,23671416.45,0.158
2,1,heuristic,0.046,8,50,10,10,piece-wise,74440,272138.0,-2.656,1.82,6.66,-2.659,35120460.8,123738564.0,-2.523,35120460.8,123386064.0,-2.513
3,1,heuristic_fw,0.002,8,50,10,10,piece-wise,74440,47605.79866264692,0.36,1.82,1.16,0.363,35120460.8,27697791.281554,0.211,35120460.8,27694336.55,0.211
4,0,heuristic,0.075,5,100,10,10,piece-wise,173216,144248.0,0.167,2.28,1.9,0.167,57717750.3,53082995.0,0.08,57717750.3,52994295.0,0.082
5,0,heuristic_fw,0.002,5,100,10,10,piece-wise,173216,99858.35511236619,0.424,2.28,1.31,0.425,57717750.3,51225210.83005512,0.112,57717750.3,51214158.0,0.113
6,1,heuristic,0.085,13,100,10,10,piece-wise,116095,483263.0,-3.163,1.64,6.84,-3.171,62265789.2,291291596.9,-3.678,62265789.2,289808996.9,-3.654
7,1,heuristic_fw,0.001,13,100,10,10,piece-wise,116095,77778.97984792573,0.33,1.64,1.1,0.329,62265789.2,48245152.88043474,0.225,62265789.2,48218554.39,0.226
