,average_run_time_per_iteration,no_iterations,no_households,no_tasks,penalty_weight,cost_function_type,max_demand initial,max_demand final,max_demand reduction,PAR initial,PAR final,PAR reduction,objective initial,objective final,objective reduction,cost initial,cost final,cost reduction
optimal,11.183,4,40,5,1,piece-wise,47360,55275.0,-0.167,2.82,3.29,-0.167,13729630.4,15929522.8,-0.16,13729630.4,15929352.8,-0.16
optimal_fw,0.017,4,40,5,1,piece-wise,47360,30332.3381747728,0.36,2.82,1.8,0.362,13729630.4,11322753.541881315,0.175,13729630.4,11322737.05,0.175
heuristic,0.038,4,40,5,1,piece-wise,47360,55275.0,-0.167,2.82,3.29,-0.167,13729630.4,15929562.8,-0.16,13729630.4,15929352.8,-0.16
heuristic_fw,0.016,4,40,5,1,piece-wise,47360,30210.945000053198,0.362,2.82,1.8,0.362,13729630.4,11323116.877344849,0.175,13729630.4,11323101.09,0.175
