,average_run_time_per_iteration,no_iterations,no_households,no_tasks,penalty_weight,cost_function_type,max_demand initial,max_demand final,max_demand reduction,PAR initial,PAR final,PAR reduction,objective initial,objective final,objective reduction,cost initial,cost final,cost reduction
optimal,2072.88,2,4000,5,1,piece-wise,2028124,48116284.0,-22.725,1.26,29.87,-22.706,1285794133.6,15688721489.6,-11.202,1285794133.6,15681357587.6,-11.196
optimal_fw,0.001,2,4000,5,1,piece-wise,2028124,1983750.6750039998,0.022,1.26,1.23,0.024,1285794133.6,1242625920.656,0.034,1285794133.6,1242480302.04,0.034
heuristic,1.382,5,4000,5,1,piece-wise,2028124,33041190.0,-15.292,1.26,20.51,-15.278,1285794133.6,14322368854.2,-10.139,1285794133.6,14318713947.2,-10.136
heuristic_fw,0.001,5,4000,5,1,piece-wise,2028124,1917064.0156577604,0.055,1.26,1.19,0.056,1285794133.6,1197220715.8698418,0.069,1285794133.6,1197194480.42,0.069
