,average_run_time_per_iteration,no_iterations,no_households,no_tasks,penalty_weight,cost_function_type,max_demand initial,max_demand final,max_demand reduction,PAR initial,PAR final,PAR reduction,objective initial,objective final,objective reduction,cost initial,cost final,cost reduction
optimal,2644.13,6,6000,5,1,piece-wise,3262008,41957836.0,-11.863,1.34,17.25,-11.873,1812476302.5,22175602887.0,-11.235,1812476302.5,22166973585.0,-11.23
optimal_fw,0.001,6,6000,5,1,piece-wise,3262008,3086501.410623466,0.054,1.34,1.27,0.052,1812476302.5,1733734419.9243088,0.043,1812476302.5,1733690567.41,0.043
heuristic,0.323,4,6000,5,1,piece-wise,3262008,62361654.0,-18.118,1.34,25.64,-18.134,1812476302.5,22141240405.2,-11.216,1812476302.5,22132356801.2,-11.211
heuristic_fw,0.001,4,6000,5,1,piece-wise,3262008,3155541.503171352,0.033,1.34,1.3,0.03,1812476302.5,1758349448.6632535,0.03,1812476302.5,1758269248.92,0.03
