,average_run_time_per_iteration,no_iterations,no_households,no_tasks,penalty_weight,cost_function_type,max_demand initial,max_demand final,max_demand reduction,PAR initial,PAR final,PAR reduction,objective initial,objective final,objective reduction,cost initial,cost final,cost reduction
optimal,15.455,4,50,5,1,piece-wise,49907,53489.0,-0.072,2.36,2.53,-0.072,15417309.3,16999412.2,-0.103,15417309.3,16999303.2,-0.103
optimal_fw,0.003,4,50,5,1,piece-wise,49907,32352.030407106562,0.352,2.36,1.53,0.352,15417309.3,14242694.69631792,0.076,15417309.3,14242653.8,0.076
heuristic,0.048,6,50,5,1,piece-wise,49907,49907.0,0.0,2.36,2.36,0.0,15417309.3,15411500.8,0.0,15417309.3,15411239.8,0.0
heuristic_fw,0.002,6,50,5,1,piece-wise,49907,31552.83872946828,0.368,2.36,1.49,0.369,15417309.3,14241318.08075678,0.076,15417309.3,14241314.72,0.076
