,Average run_time,No_iterations,no_tasks,penalty_weight,cost_function_type,max_demand initial,max_demand final,max_demand reduction,PAR initial,PAR final,PAR reduction,objective initial,objective final,objective reduction,cost initial,cost final,cost reduction
optimal,10.007,10,10,10,piece-wise,60796,192249.0,-2.162,1.75,5.53,-2.16,36537183.2,132205267.1,-2.618,36537183.2,131922567.1,-2.611
optimal_fw,0.001,10,10,10,piece-wise,60796,38609.836539151605,0.365,1.75,1.11,0.366,36537183.2,23554624.93700569,0.355,36537183.2,23552117.31,0.355
heuristic,0.035,13,10,10,piece-wise,60796,158973.0,-1.615,1.75,4.57,-1.611,36537183.2,92162099.4,-1.522,36537183.2,91653399.4,-1.508
heuristic_fw,0.001,13,10,10,piece-wise,60796,37392.18932576156,0.385,1.75,1.08,0.383,36537183.2,23575116.08372721,0.355,36537183.2,23572872.24,0.355
