,average_run_time_per_iteration,no_iterations,no_households,no_tasks,penalty_weight,cost_function_type,max_demand initial,max_demand final,max_demand reduction,PAR initial,PAR final,PAR reduction,objective initial,objective final,objective reduction,cost initial,cost final,cost reduction
optimal,604.418,5,2000,5,1,piece-wise,1110235,22234949.0,-19.027,1.36,27.18,-18.985,609645899.6,7419956138.0,-11.171,609645899.6,7417699851.0,-11.167
optimal_fw,0.001,5,2000,5,1,piece-wise,1110235,1038945.2548226997,0.064,1.36,1.27,0.066,609645899.6,580245086.3024158,0.048,609645899.6,580221089.77,0.048
heuristic,0.766,4,2000,5,1,piece-wise,1110235,21528731.0,-18.391,1.36,26.32,-18.353,609645899.6,6868967744.2,-10.267,609645899.6,6866313894.2,-10.263
heuristic_fw,0.001,4,2000,5,1,piece-wise,1110235,1062319.0769203887,0.043,1.36,1.3,0.044,609645899.6,586218514.5091937,0.038,609645899.6,586186056.7,0.038
