,average_run_time_per_iteration,no_iterations,no_households,no_tasks,penalty_weight,cost_function_type,max_demand initial,max_demand final,max_demand reduction,PAR initial,PAR final,PAR reduction,objective initial,objective final,objective reduction,cost initial,cost final,cost reduction
optimal,1184.83,3,2000,5,1,piece-wise,1108768,24983087.0,-21.532,1.36,30.67,-21.551,602305689.6,7685799798.0,-11.761,602305689.6,7683038810.0,-11.756
optimal_fw,0.001,3,2000,5,1,piece-wise,1108768,1060781.2867206403,0.043,1.36,1.3,0.044,602305689.6,582121678.051553,0.034,602305689.6,582102134.92,0.034
heuristic,0.762,3,2000,5,1,piece-wise,1108768,21642871.0,-18.52,1.36,26.57,-18.537,602305689.6,7108237542.0,-10.802,602305689.6,7106030425.0,-10.798
heuristic_fw,0.001,3,2000,5,1,piece-wise,1108768,1061140.3591243525,0.043,1.36,1.3,0.044,602305689.6,582373664.7174201,0.033,602305689.6,582328331.57,0.033
