,average_run_time_per_iteration,no_iterations,no_households,no_tasks,penalty_weight,cost_function_type,max_demand initial,max_demand final,max_demand reduction,PAR initial,PAR final,PAR reduction,objective initial,objective final,objective reduction,cost initial,cost final,cost reduction
optimal,8.349,7,10,5,1,piece-wise,19920,24000.0,-0.205,4.73,5.7,-0.205,3185973.8,4395547.8,-0.38,3185973.8,4395523.8,-0.38
optimal_fw,0.01,7,10,5,1,piece-wise,19920,12745.118251918255,0.36,4.73,3.03,0.359,3185973.8,2832321.3298388855,0.111,3185973.8,2832321.32,0.111
heuristic,0.01,7,10,5,1,piece-wise,19920,19920.0,0.0,4.73,4.73,0.0,3185973.8,3187683.8,-0.001,3185973.8,3187661.8,-0.001
heuristic_fw,0.01,7,10,5,1,piece-wise,19920,12225.762666047525,0.386,4.73,2.9,0.387,3185973.8,2831810.0713293804,0.111,3185973.8,2831806.09,0.111
