,average_run_time_per_iteration,no_iterations,no_households,no_tasks,penalty_weight,cost_function_type,max_demand initial,max_demand final,max_demand reduction,PAR initial,PAR final,PAR reduction,objective initial,objective final,objective reduction,cost initial,cost final,cost reduction
optimal,27.754,5,80,5,1,piece-wise,61956,69166.0,-0.116,2.05,2.29,-0.117,21511156.6,23184462.4,-0.078,21511156.6,23184278.4,-0.078
optimal_fw,0.013,5,80,5,1,piece-wise,61956,39164.87018213868,0.368,2.05,1.3,0.366,21511156.6,20318681.108167212,0.055,21511156.6,20318678.31,0.055
heuristic,0.084,4,80,5,1,piece-wise,61956,62705.0,-0.012,2.05,2.08,-0.015,21511156.6,21828426.1,-0.015,21511156.6,21827865.1,-0.015
heuristic_fw,0.023,4,80,5,1,piece-wise,61956,39499.2875361826,0.362,2.05,1.31,0.361,21511156.6,20320364.573466834,0.055,21511156.6,20320284.56,0.055
