,average_run_time_per_iteration,no_iterations,no_households,no_tasks,penalty_weight,cost_function_type,max_demand initial,max_demand final,max_demand reduction,PAR initial,PAR final,PAR reduction,objective initial,objective final,objective reduction,cost initial,cost final,cost reduction
optimal,590.829,7,2000,5,1,piece-wise,1095791,13379790.0,-11.21,1.37,16.68,-11.175,608148386.3,6035875695.9,-8.925,608148386.3,6034791243.9,-8.923
optimal_fw,0.001,7,2000,5,1,piece-wise,1095791,1001979.2202364133,0.086,1.37,1.25,0.088,608148386.3,566974241.5985864,0.068,608148386.3,566952010.81,0.068
heuristic,0.797,8,2000,5,1,piece-wise,1095791,16195321.0,-13.78,1.37,20.18,-13.73,608148386.3,6701099182.4,-10.019,608148386.3,6699624670.4,-10.016
heuristic_fw,0.001,8,2000,5,1,piece-wise,1095791,987954.6027254194,0.098,1.37,1.23,0.102,608148386.3,564351815.5645479,0.072,608148386.3,564321810.31,0.072
