,average_run_time_per_iteration,no_iterations,no_households,no_tasks,penalty_weight,cost_function_type,max_demand initial,max_demand final,max_demand reduction,PAR initial,PAR final,PAR reduction,objective initial,objective final,objective reduction,cost initial,cost final,cost reduction
optimal,33.622,6,100,5,1,piece-wise,81557,90471.0,-0.109,2.08,2.31,-0.111,28808290.4,31460401.1,-0.092,28808290.4,31460012.1,-0.092
optimal_fw,0.003,6,100,5,1,piece-wise,81557,51588.87361381335,0.367,2.08,1.32,0.365,28808290.4,26370380.16054063,0.085,28808290.4,26370339.14,0.085
heuristic,0.101,6,100,5,1,piece-wise,81557,81557.0,0.0,2.08,2.08,0.0,28808290.4,28808481.4,-0.0,28808290.4,28808290.4,0.0
heuristic_fw,0.003,6,100,5,1,piece-wise,81557,51373.86372158914,0.37,2.08,1.31,0.37,28808290.4,26377156.458429422,0.084,28808290.4,26377142.07,0.084
