,average_run_time_per_iteration,no_iterations,no_households,no_tasks,penalty_weight,cost_function_type,max_demand initial,max_demand final,max_demand reduction,PAR initial,PAR final,PAR reduction,objective initial,objective final,objective reduction,cost initial,cost final,cost reduction
optimal,17.305,8,40,5,1,piece-wise,35529,61100.0,-0.72,1.91,3.29,-0.723,15185809.2,30492015.0,-1.008,15185809.2,30491180.0,-1.008
optimal_fw,0.019,8,40,5,1,piece-wise,35529,22613.201659967253,0.364,1.91,1.22,0.361,15185809.2,12517197.26436607,0.176,15185809.2,12517196.44,0.176
heuristic,0.038,7,40,5,1,piece-wise,35529,46847.0,-0.319,1.91,2.52,-0.319,15185809.2,20773905.7,-0.368,15185809.2,20773263.7,-0.368
heuristic_fw,0.022,7,40,5,1,piece-wise,35529,22673.628068524496,0.362,1.91,1.22,0.361,15185809.2,12518074.696417257,0.176,15185809.2,12518054.25,0.176
