,average_run_time_per_iteration,no_iterations,no_households,no_tasks,penalty_weight,cost_function_type,max_demand initial,max_demand final,max_demand reduction,PAR initial,PAR final,PAR reduction,objective initial,objective final,objective reduction,cost initial,cost final,cost reduction
optimal,14.468,4,50,5,1,piece-wise,49380,48380.0,0.02,2.33,2.28,0.021,15264566.2,15054394.6,0.014,15264566.2,15054188.6,0.014
optimal_fw,0.003,4,50,5,1,piece-wise,49380,31272.685084298115,0.367,2.33,1.47,0.369,15264566.2,14282015.675912704,0.064,15264566.2,14281953.94,0.064
heuristic,0.048,5,50,5,1,piece-wise,49380,49380.0,0.0,2.33,2.33,0.0,15264566.2,15264769.2,-0.0,15264566.2,15264566.2,0.0
heuristic_fw,0.003,5,50,5,1,piece-wise,49380,31047.783184809865,0.371,2.33,1.46,0.373,15264566.2,14282059.337666402,0.064,15264566.2,14282033.88,0.064
