,average_run_time,no_iterations,no_households,no_tasks,penalty_weight,cost_function_type,max_demand initial,max_demand final,max_demand reduction,PAR initial,PAR final,PAR reduction,objective initial,objective final,objective reduction,cost initial,cost final,cost reduction
optimal,1305.863,37,5000,5,0,piece-wise,2486911,25560532.0,-9.278,1.22,12.56,-9.295,1681983931.9,188928311376.0,-111.325,1681983931.9,188928311376.0,-111.325
optimal_fw,0.005,37,5000,5,0,piece-wise,2486911,2119036.1195819485,0.148,1.22,1.04,0.148,1681983931.9,1500901334.53,0.108,1681983931.9,1500901334.53,0.108
heuristic,4.304,29,5000,5,0,piece-wise,2486911,25443178.0,-9.231,1.22,12.5,-9.246,1681983931.9,136201863388.9,-79.977,1681983931.9,136201863388.9,-79.977
heuristic_fw,0.009,29,5000,5,0,piece-wise,2486911,2101971.401179213,0.155,1.22,1.03,0.156,1681983931.9,1500821134.6,0.108,1681983931.9,1500821134.6,0.108
